dataset,f1_mean,f1_std,auc_mean,auc_std,runs
AIGTB_medium_emb.jsonl,0.839790452,0.001328328,0.932261588,0.000062172,5
AIGTB_quora_emb.jsonl,0.942431196,0.001070880,0.968096437,0.001247215,5
AIGTB_reddit_emb.jsonl,0.808404332,0.001004774,0.929105270,0.000303014,5
deepfake_emb.jsonl,0.706868853,0.030763833,0.871048098,0.013069514,5
fox8_emb.jsonl,0.575629457,0.000649094,0.716718969,0.002514387,5
m4_emb.jsonl,0.739592319,0.005965907,0.856019342,0.003748466,5
multisocial_discord_emb.jsonl,0.929526480,0.000894664,0.850054444,0.002475822,5
multisocial_gab_emb.jsonl,0.863294167,0.002776315,0.743175864,0.006766019,5
multisocial_telegram_emb.jsonl,0.786930212,0.005155906,0.796240588,0.002320162,5
multisocial_twitter_emb.jsonl,0.849987864,0.018941850,0.785777752,0.003131167,5
multisocial_whatsapp_emb.jsonl,0.892006014,0.029026022,0.844802785,0.027460955,5
tweepfake_emb.jsonl,0.628967093,0.004720742,0.274680787,0.003866253,5
