lambda_mmr,seed,dataset,f1,auc
0.000000000,0,AIGTB_medium_emb.jsonl,0.768809850,0.712412808
0.000000000,0,AIGTB_quora_emb.jsonl,0.839638751,0.746695012
0.000000000,0,AIGTB_reddit_emb.jsonl,0.660737957,0.798286807
0.000000000,0,multisocial_discord_emb.jsonl,0.927882334,0.846115782
0.000000000,0,multisocial_gab_emb.jsonl,0.919444920,0.675605080
0.000000000,0,multisocial_telegram_emb.jsonl,0.911755880,0.725989396
0.000000000,0,multisocial_twitter_emb.jsonl,0.922554145,0.700435327
0.000000000,0,multisocial_whatsapp_emb.jsonl,0.924711816,0.813525952
0.000000000,1,AIGTB_medium_emb.jsonl,0.764804681,0.713763827
0.000000000,1,AIGTB_quora_emb.jsonl,0.840288316,0.744607224
0.000000000,1,AIGTB_reddit_emb.jsonl,0.658204183,0.796565879
0.000000000,1,multisocial_discord_emb.jsonl,0.929915520,0.852298433
0.000000000,1,multisocial_gab_emb.jsonl,0.918889307,0.666674393
0.000000000,1,multisocial_telegram_emb.jsonl,0.912216452,0.723538136
0.000000000,1,multisocial_twitter_emb.jsonl,0.922093458,0.697778542
0.000000000,1,multisocial_whatsapp_emb.jsonl,0.919002268,0.809165419
0.000000000,2,AIGTB_medium_emb.jsonl,0.764383908,0.711824686
0.000000000,2,AIGTB_quora_emb.jsonl,0.839113003,0.747920270
0.000000000,2,AIGTB_reddit_emb.jsonl,0.658525268,0.796156893
0.000000000,2,multisocial_discord_emb.jsonl,0.929526925,0.851741099
0.000000000,2,multisocial_gab_emb.jsonl,0.921426619,0.659796086
0.000000000,2,multisocial_telegram_emb.jsonl,0.912030884,0.730026925
0.000000000,2,multisocial_twitter_emb.jsonl,0.923672649,0.697127484
0.000000000,2,multisocial_whatsapp_emb.jsonl,0.923868870,0.811170166
0.000000000,3,AIGTB_medium_emb.jsonl,0.766889638,0.713377781
0.000000000,3,AIGTB_quora_emb.jsonl,0.838867781,0.745196765
0.000000000,3,AIGTB_reddit_emb.jsonl,0.657806495,0.795838360
0.000000000,3,multisocial_discord_emb.jsonl,0.929712038,0.851488454
0.000000000,3,multisocial_gab_emb.jsonl,0.919842493,0.670111839
0.000000000,3,multisocial_telegram_emb.jsonl,0.911383604,0.728783566
0.000000000,3,multisocial_twitter_emb.jsonl,0.926771155,0.702268048
0.000000000,3,multisocial_whatsapp_emb.jsonl,0.926182965,0.810969014
0.000000000,4,AIGTB_medium_emb.jsonl,0.767039821,0.711839505
0.000000000,4,AIGTB_quora_emb.jsonl,0.842188949,0.744833398
0.000000000,4,AIGTB_reddit_emb.jsonl,0.657520463,0.797415353
0.000000000,4,multisocial_discord_emb.jsonl,0.929768177,0.850365872
0.000000000,4,multisocial_gab_emb.jsonl,0.920490655,0.677275414
0.000000000,4,multisocial_telegram_emb.jsonl,0.912144988,0.728554030
0.000000000,4,multisocial_twitter_emb.jsonl,0.924086013,0.687882532
0.000000000,4,multisocial_whatsapp_emb.jsonl,0.924034645,0.811730242
0.100000000,0,AIGTB_medium_emb.jsonl,0.768779364,0.714743990
0.100000000,0,AIGTB_quora_emb.jsonl,0.839714643,0.745191832
0.100000000,0,AIGTB_reddit_emb.jsonl,0.660725202,0.796256829
0.100000000,0,multisocial_discord_emb.jsonl,0.931047120,0.849520713
0.100000000,0,multisocial_gab_emb.jsonl,0.919328307,0.675407113
0.100000000,0,multisocial_telegram_emb.jsonl,0.914204019,0.728188681
0.100000000,0,multisocial_twitter_emb.jsonl,0.923329356,0.701518535
0.100000000,0,multisocial_whatsapp_emb.jsonl,0.924810674,0.811437592
0.100000000,1,AIGTB_medium_emb.jsonl,0.764804681,0.715688106
0.100000000,1,AIGTB_quora_emb.jsonl,0.840238258,0.742660992
0.100000000,1,AIGTB_reddit_emb.jsonl,0.658208590,0.794644622
0.100000000,1,multisocial_discord_emb.jsonl,0.933301971,0.855816030
0.100000000,1,multisocial_gab_emb.jsonl,0.918878197,0.666400165
0.100000000,1,multisocial_telegram_emb.jsonl,0.914336873,0.725745126
0.100000000,1,multisocial_twitter_emb.jsonl,0.922973528,0.698888097
0.100000000,1,multisocial_whatsapp_emb.jsonl,0.918452597,0.807038085
0.100000000,2,AIGTB_medium_emb.jsonl,0.764272294,0.713937382
0.100000000,2,AIGTB_quora_emb.jsonl,0.838936506,0.746528573
0.100000000,2,AIGTB_reddit_emb.jsonl,0.658499333,0.794155778
0.100000000,2,multisocial_discord_emb.jsonl,0.931855113,0.855028298
0.100000000,2,multisocial_gab_emb.jsonl,0.921347547,0.659503411
0.100000000,2,multisocial_telegram_emb.jsonl,0.914434126,0.732174841
0.100000000,2,multisocial_twitter_emb.jsonl,0.923998363,0.697775035
0.100000000,2,multisocial_whatsapp_emb.jsonl,0.923856032,0.808968794
0.100000000,3,AIGTB_medium_emb.jsonl,0.766925698,0.715764267
0.100000000,3,AIGTB_quora_emb.jsonl,0.838895960,0.743340204
0.100000000,3,AIGTB_reddit_emb.jsonl,0.657811079,0.793993216
0.100000000,3,multisocial_discord_emb.jsonl,0.932823307,0.854730688
0.100000000,3,multisocial_gab_emb.jsonl,0.919837003,0.669893751
0.100000000,3,multisocial_telegram_emb.jsonl,0.913988301,0.730969471
0.100000000,3,multisocial_twitter_emb.jsonl,0.927628889,0.703210305
0.100000000,3,multisocial_whatsapp_emb.jsonl,0.926006136,0.810113978
0.100000000,4,AIGTB_medium_emb.jsonl,0.767031422,0.713712093
0.100000000,4,AIGTB_quora_emb.jsonl,0.842161057,0.743373278
0.100000000,4,AIGTB_reddit_emb.jsonl,0.657511981,0.795296934
0.100000000,4,multisocial_discord_emb.jsonl,0.932538126,0.853531633
0.100000000,4,multisocial_gab_emb.jsonl,0.920485221,0.676975407
0.100000000,4,multisocial_telegram_emb.jsonl,0.914395176,0.730605867
0.100000000,4,multisocial_twitter_emb.jsonl,0.925120953,0.688790843
0.100000000,4,multisocial_whatsapp_emb.jsonl,0.923577236,0.809155849
0.200000000,0,AIGTB_medium_emb.jsonl,0.768876330,0.701332170
0.200000000,0,AIGTB_quora_emb.jsonl,0.839643399,0.745385713
0.200000000,0,AIGTB_reddit_emb.jsonl,0.660690960,0.793782782
0.200000000,0,multisocial_discord_emb.jsonl,0.928588350,0.846297909
0.200000000,0,multisocial_gab_emb.jsonl,0.919597646,0.677853312
0.200000000,0,multisocial_telegram_emb.jsonl,0.913578694,0.727017780
0.200000000,0,multisocial_twitter_emb.jsonl,0.924399137,0.703572177
0.200000000,0,multisocial_whatsapp_emb.jsonl,0.924864865,0.812943509
0.200000000,1,AIGTB_medium_emb.jsonl,0.764938512,0.703204276
0.200000000,1,AIGTB_quora_emb.jsonl,0.840356533,0.742836141
0.200000000,1,AIGTB_reddit_emb.jsonl,0.658208753,0.792043940
0.200000000,1,multisocial_discord_emb.jsonl,0.930589503,0.852509366
0.200000000,1,multisocial_gab_emb.jsonl,0.919040941,0.669140647
0.200000000,1,multisocial_telegram_emb.jsonl,0.913917485,0.724551889
0.200000000,1,multisocial_twitter_emb.jsonl,0.923575902,0.700327965
0.200000000,1,multisocial_whatsapp_emb.jsonl,0.918874773,0.808514964
0.200000000,2,AIGTB_medium_emb.jsonl,0.764450867,0.701585450
0.200000000,2,AIGTB_quora_emb.jsonl,0.838979348,0.746914428
0.200000000,2,AIGTB_reddit_emb.jsonl,0.658491162,0.791848658
0.200000000,2,multisocial_discord_emb.jsonl,0.930273005,0.851831415
0.200000000,2,multisocial_gab_emb.jsonl,0.921838218,0.662537362
0.200000000,2,multisocial_telegram_emb.jsonl,0.913913126,0.730954804
0.200000000,2,multisocial_twitter_emb.jsonl,0.924814264,0.699931053
0.200000000,2,multisocial_whatsapp_emb.jsonl,0.923757904,0.810496913
0.200000000,3,AIGTB_medium_emb.jsonl,0.767053649,0.703253184
0.200000000,3,AIGTB_quora_emb.jsonl,0.838746439,0.742359346
0.200000000,3,AIGTB_reddit_emb.jsonl,0.657781217,0.791649766
0.200000000,3,multisocial_discord_emb.jsonl,0.931436984,0.853001768
0.200000000,3,multisocial_gab_emb.jsonl,0.919967166,0.672649766
0.200000000,3,multisocial_telegram_emb.jsonl,0.913370465,0.729828146
0.200000000,3,multisocial_twitter_emb.jsonl,0.928441592,0.705037276
0.200000000,3,multisocial_whatsapp_emb.jsonl,0.926645092,0.813449736
0.200000000,4,AIGTB_medium_emb.jsonl,0.767173165,0.701574021
0.200000000,4,AIGTB_quora_emb.jsonl,0.842147102,0.743186360
0.200000000,4,AIGTB_reddit_emb.jsonl,0.657494840,0.793142259
0.200000000,4,multisocial_discord_emb.jsonl,0.930373254,0.850449168
0.200000000,4,multisocial_gab_emb.jsonl,0.921071490,0.679211101
0.200000000,4,multisocial_telegram_emb.jsonl,0.913953488,0.729378092
0.200000000,4,multisocial_twitter_emb.jsonl,0.926100687,0.690002684
0.200000000,4,multisocial_whatsapp_emb.jsonl,0.923937562,0.810731246
0.300000000,0,AIGTB_medium_emb.jsonl,0.808240081,0.902130671
0.300000000,0,AIGTB_quora_emb.jsonl,0.839697263,0.744822979
0.300000000,0,AIGTB_reddit_emb.jsonl,0.729271990,0.917751831
0.300000000,0,multisocial_discord_emb.jsonl,0.928032501,0.845357226
0.300000000,0,multisocial_gab_emb.jsonl,0.919092964,0.676148688
0.300000000,0,multisocial_telegram_emb.jsonl,0.912661140,0.724809763
0.300000000,0,multisocial_twitter_emb.jsonl,0.924342228,0.702745799
0.300000000,0,multisocial_whatsapp_emb.jsonl,0.924643952,0.812108409
0.300000000,1,AIGTB_medium_emb.jsonl,0.806823330,0.901860721
0.300000000,1,AIGTB_quora_emb.jsonl,0.840404347,0.742453897
0.300000000,1,AIGTB_reddit_emb.jsonl,0.727032155,0.917328931
0.300000000,1,multisocial_discord_emb.jsonl,0.929782975,0.851557393
0.300000000,1,multisocial_gab_emb.jsonl,0.918495190,0.667326060
0.300000000,1,multisocial_telegram_emb.jsonl,0.913014033,0.722358208
0.300000000,1,multisocial_twitter_emb.jsonl,0.923575660,0.699626350
0.300000000,1,multisocial_whatsapp_emb.jsonl,0.918747163,0.807908472
0.300000000,2,AIGTB_medium_emb.jsonl,0.805956057,0.902139840
0.300000000,2,AIGTB_quora_emb.jsonl,0.839039404,0.746409576
0.300000000,2,AIGTB_reddit_emb.jsonl,0.727514612,0.916999985
0.300000000,2,multisocial_discord_emb.jsonl,0.929435377,0.850979322
0.300000000,2,multisocial_gab_emb.jsonl,0.921259305,0.660721891
0.300000000,2,multisocial_telegram_emb.jsonl,0.912912344,0.728510935
0.300000000,2,multisocial_twitter_emb.jsonl,0.924477812,0.698760385
0.300000000,2,multisocial_whatsapp_emb.jsonl,0.923702766,0.809994997
0.300000000,3,AIGTB_medium_emb.jsonl,0.808661139,0.901546579
0.300000000,3,AIGTB_quora_emb.jsonl,0.838718256,0.741669718
0.300000000,3,AIGTB_reddit_emb.jsonl,0.725574640,0.917218333
0.300000000,3,multisocial_discord_emb.jsonl,0.929936642,0.850718039
0.300000000,3,multisocial_gab_emb.jsonl,0.919659056,0.670935077
0.300000000,3,multisocial_telegram_emb.jsonl,0.912301725,0.727513054
0.300000000,3,multisocial_twitter_emb.jsonl,0.928234639,0.703103017
0.300000000,3,multisocial_whatsapp_emb.jsonl,0.925405405,0.810936204
0.300000000,4,AIGTB_medium_emb.jsonl,0.809160005,0.902524899
0.300000000,4,AIGTB_quora_emb.jsonl,0.842256666,0.742657032
0.300000000,4,AIGTB_reddit_emb.jsonl,0.726797937,0.918092708
0.300000000,4,multisocial_discord_emb.jsonl,0.929547013,0.849597199
0.300000000,4,multisocial_gab_emb.jsonl,0.853087572,0.777635020
0.300000000,4,multisocial_telegram_emb.jsonl,0.913003750,0.727133762
0.300000000,4,multisocial_twitter_emb.jsonl,0.926013965,0.689097644
0.300000000,4,multisocial_whatsapp_emb.jsonl,0.923591040,0.809888592
0.400000000,0,AIGTB_medium_emb.jsonl,0.845522699,0.925346986
0.400000000,0,AIGTB_quora_emb.jsonl,0.839422712,0.739409563
0.400000000,0,AIGTB_reddit_emb.jsonl,0.778197170,0.924794885
0.400000000,0,multisocial_discord_emb.jsonl,0.928297900,0.845431343
0.400000000,0,multisocial_gab_emb.jsonl,0.842577295,0.761417816
0.400000000,0,multisocial_telegram_emb.jsonl,0.799096894,0.802532654
0.400000000,0,multisocial_twitter_emb.jsonl,0.845121792,0.788083767
0.400000000,0,multisocial_whatsapp_emb.jsonl,0.871912934,0.868285129
0.400000000,1,AIGTB_medium_emb.jsonl,0.842588516,0.925603135
0.400000000,1,AIGTB_quora_emb.jsonl,0.839786559,0.736601803
0.400000000,1,AIGTB_reddit_emb.jsonl,0.776837381,0.924517022
0.400000000,1,multisocial_discord_emb.jsonl,0.930187187,0.851602253
0.400000000,1,multisocial_gab_emb.jsonl,0.841191262,0.757891751
0.400000000,1,multisocial_telegram_emb.jsonl,0.799423729,0.800016240
0.400000000,1,multisocial_twitter_emb.jsonl,0.847606233,0.786983740
0.400000000,1,multisocial_whatsapp_emb.jsonl,0.866053494,0.864390464
0.400000000,2,AIGTB_medium_emb.jsonl,0.843223535,0.925505925
0.400000000,2,AIGTB_quora_emb.jsonl,0.838298520,0.740408662
0.400000000,2,AIGTB_reddit_emb.jsonl,0.776621599,0.924181855
0.400000000,2,multisocial_discord_emb.jsonl,0.929190904,0.851019237
0.400000000,2,multisocial_gab_emb.jsonl,0.839880812,0.749861435
0.400000000,2,multisocial_telegram_emb.jsonl,0.792220223,0.799315144
0.400000000,2,multisocial_twitter_emb.jsonl,0.923323279,0.693986879
0.400000000,2,multisocial_whatsapp_emb.jsonl,0.867639341,0.864685045
0.400000000,3,AIGTB_medium_emb.jsonl,0.843984530,0.925351436
0.400000000,3,AIGTB_quora_emb.jsonl,0.838145232,0.736160610
0.400000000,3,AIGTB_reddit_emb.jsonl,0.775897921,0.924465638
0.400000000,3,multisocial_discord_emb.jsonl,0.826625291,0.905797434
0.400000000,3,multisocial_gab_emb.jsonl,0.838602985,0.759666010
0.400000000,3,multisocial_telegram_emb.jsonl,0.802885981,0.804332381
0.400000000,3,multisocial_twitter_emb.jsonl,0.847065925,0.785364487
0.400000000,3,multisocial_whatsapp_emb.jsonl,0.925652565,0.812262255
0.400000000,4,AIGTB_medium_emb.jsonl,0.845909585,0.925992837
0.400000000,4,AIGTB_quora_emb.jsonl,0.841526741,0.737205348
0.400000000,4,AIGTB_reddit_emb.jsonl,0.777240721,0.925143944
0.400000000,4,multisocial_discord_emb.jsonl,0.930000528,0.849638699
0.400000000,4,multisocial_gab_emb.jsonl,0.847211373,0.765248568
0.400000000,4,multisocial_telegram_emb.jsonl,0.801105286,0.801394777
0.400000000,4,multisocial_twitter_emb.jsonl,0.846193862,0.780329685
0.400000000,4,multisocial_whatsapp_emb.jsonl,0.922854562,0.811276208
0.500000000,0,AIGTB_medium_emb.jsonl,0.841154267,0.932059487
0.500000000,0,AIGTB_quora_emb.jsonl,0.946964914,0.972426053
0.500000000,0,AIGTB_reddit_emb.jsonl,0.900571795,0.963221676
0.500000000,0,multisocial_discord_emb.jsonl,0.927280927,0.845073039
0.500000000,0,multisocial_gab_emb.jsonl,0.789175582,0.772894615
0.500000000,0,multisocial_telegram_emb.jsonl,0.775293319,0.795264636
0.500000000,0,multisocial_twitter_emb.jsonl,0.824773414,0.790872557
0.500000000,0,multisocial_whatsapp_emb.jsonl,0.922882427,0.811454460
0.500000000,1,AIGTB_medium_emb.jsonl,0.838533024,0.932129377
0.500000000,1,AIGTB_quora_emb.jsonl,0.945272735,0.969593885
0.500000000,1,AIGTB_reddit_emb.jsonl,0.899881522,0.962921715
0.500000000,1,multisocial_discord_emb.jsonl,0.929074633,0.851116419
0.500000000,1,multisocial_gab_emb.jsonl,0.787995803,0.767011081
0.500000000,1,multisocial_telegram_emb.jsonl,0.772936537,0.793219596
0.500000000,1,multisocial_twitter_emb.jsonl,0.827518690,0.791480100
0.500000000,1,multisocial_whatsapp_emb.jsonl,0.917121047,0.809722936
0.500000000,2,AIGTB_medium_emb.jsonl,0.839036335,0.932181645
0.500000000,2,AIGTB_quora_emb.jsonl,0.946826293,0.971543640
0.500000000,2,AIGTB_reddit_emb.jsonl,0.899772942,0.962990462
0.500000000,2,multisocial_discord_emb.jsonl,0.927736451,0.850627827
0.500000000,2,multisocial_gab_emb.jsonl,0.786841446,0.765956473
0.500000000,2,multisocial_telegram_emb.jsonl,0.773665273,0.792610701
0.500000000,2,multisocial_twitter_emb.jsonl,0.799106736,0.777791450
0.500000000,2,multisocial_whatsapp_emb.jsonl,0.920430886,0.811988637
0.500000000,3,AIGTB_medium_emb.jsonl,0.840409895,0.932201423
0.500000000,3,AIGTB_quora_emb.jsonl,0.946113732,0.970059304
0.500000000,3,AIGTB_reddit_emb.jsonl,0.898915976,0.962766672
0.500000000,3,multisocial_discord_emb.jsonl,0.928144508,0.850346019
0.500000000,3,multisocial_gab_emb.jsonl,0.786872878,0.771140170
0.500000000,3,multisocial_telegram_emb.jsonl,0.775595746,0.794215294
0.500000000,3,multisocial_twitter_emb.jsonl,0.827427966,0.785816797
0.500000000,3,multisocial_whatsapp_emb.jsonl,0.702109499,0.846715470
0.500000000,4,AIGTB_medium_emb.jsonl,0.841390447,0.932208336
0.500000000,4,AIGTB_quora_emb.jsonl,0.946728574,0.970189936
0.500000000,4,AIGTB_reddit_emb.jsonl,0.899421636,0.963120474
0.500000000,4,multisocial_discord_emb.jsonl,0.928539231,0.849315965
0.500000000,4,multisocial_gab_emb.jsonl,0.795329899,0.774733972
0.500000000,4,multisocial_telegram_emb.jsonl,0.775696771,0.791160618
0.500000000,4,multisocial_twitter_emb.jsonl,0.826908608,0.783314789
0.500000000,4,multisocial_whatsapp_emb.jsonl,0.921224194,0.810100313
0.600000000,0,AIGTB_medium_emb.jsonl,0.858590806,0.934436818
0.600000000,0,AIGTB_quora_emb.jsonl,0.946883469,0.972617290
0.600000000,0,AIGTB_reddit_emb.jsonl,0.907282674,0.963795338
0.600000000,0,multisocial_discord_emb.jsonl,0.741544523,0.891541445
0.600000000,0,multisocial_gab_emb.jsonl,0.701457753,0.767797184
0.600000000,0,multisocial_telegram_emb.jsonl,0.773809986,0.796416918
0.600000000,0,multisocial_twitter_emb.jsonl,0.803183265,0.788454286
0.600000000,0,multisocial_whatsapp_emb.jsonl,0.718399807,0.840433719
0.600000000,1,AIGTB_medium_emb.jsonl,0.856015948,0.934496256
0.600000000,1,AIGTB_quora_emb.jsonl,0.945172422,0.969787103
0.600000000,1,AIGTB_reddit_emb.jsonl,0.906067971,0.963475399
0.600000000,1,multisocial_discord_emb.jsonl,0.744840401,0.894703030
0.600000000,1,multisocial_gab_emb.jsonl,0.697906190,0.761980194
0.600000000,1,multisocial_telegram_emb.jsonl,0.771496955,0.794392062
0.600000000,1,multisocial_twitter_emb.jsonl,0.805340381,0.785976155
0.600000000,1,multisocial_whatsapp_emb.jsonl,0.719504794,0.842229876
0.600000000,2,AIGTB_medium_emb.jsonl,0.856628674,0.934589537
0.600000000,2,AIGTB_quora_emb.jsonl,0.946694421,0.971742840
0.600000000,2,AIGTB_reddit_emb.jsonl,0.906688751,0.963532784
0.600000000,2,multisocial_discord_emb.jsonl,0.741650262,0.894700881
0.600000000,2,multisocial_gab_emb.jsonl,0.717404922,0.763983177
0.600000000,2,multisocial_telegram_emb.jsonl,0.773543037,0.794881503
0.600000000,2,multisocial_twitter_emb.jsonl,0.805819962,0.783052121
0.600000000,2,multisocial_whatsapp_emb.jsonl,0.718047838,0.849867925
0.600000000,3,AIGTB_medium_emb.jsonl,0.857155075,0.934597476
0.600000000,3,AIGTB_quora_emb.jsonl,0.946373666,0.970264820
0.600000000,3,AIGTB_reddit_emb.jsonl,0.906351579,0.963329457
0.600000000,3,multisocial_discord_emb.jsonl,0.744412245,0.895297670
0.600000000,3,multisocial_gab_emb.jsonl,0.697827578,0.768023100
0.600000000,3,multisocial_telegram_emb.jsonl,0.775927004,0.796038877
0.600000000,3,multisocial_twitter_emb.jsonl,0.805269807,0.781039610
0.600000000,3,multisocial_whatsapp_emb.jsonl,0.717911705,0.852988797
0.600000000,4,AIGTB_medium_emb.jsonl,0.858186011,0.934725056
0.600000000,4,AIGTB_quora_emb.jsonl,0.946429775,0.970362268
0.600000000,4,AIGTB_reddit_emb.jsonl,0.906414686,0.963674917
0.600000000,4,multisocial_discord_emb.jsonl,0.745394080,0.889808168
0.600000000,4,multisocial_gab_emb.jsonl,0.701500682,0.770672060
0.600000000,4,multisocial_telegram_emb.jsonl,0.773980711,0.792238680
0.600000000,4,multisocial_twitter_emb.jsonl,0.804754128,0.781808428
0.600000000,4,multisocial_whatsapp_emb.jsonl,0.718296225,0.855652118
0.700000000,0,AIGTB_medium_emb.jsonl,0.858590806,0.934436818
0.700000000,0,AIGTB_quora_emb.jsonl,0.946883469,0.972617290
0.700000000,0,AIGTB_reddit_emb.jsonl,0.907282674,0.963795339
0.700000000,0,multisocial_discord_emb.jsonl,0.742988628,0.890825249
0.700000000,0,multisocial_gab_emb.jsonl,0.717921002,0.769168112
0.700000000,0,multisocial_telegram_emb.jsonl,0.777051842,0.791668401
0.700000000,0,multisocial_twitter_emb.jsonl,0.801530891,0.788415113
0.700000000,0,multisocial_whatsapp_emb.jsonl,0.713750151,0.838989651
0.700000000,1,AIGTB_medium_emb.jsonl,0.856015948,0.934496256
0.700000000,1,AIGTB_quora_emb.jsonl,0.945172422,0.969787106
0.700000000,1,AIGTB_reddit_emb.jsonl,0.906067971,0.963475400
0.700000000,1,multisocial_discord_emb.jsonl,0.745131863,0.893653956
0.700000000,1,multisocial_gab_emb.jsonl,0.717540785,0.763275027
0.700000000,1,multisocial_telegram_emb.jsonl,0.774525945,0.789759660
0.700000000,1,multisocial_twitter_emb.jsonl,0.803233024,0.785941967
0.700000000,1,multisocial_whatsapp_emb.jsonl,0.715625381,0.841131471
0.700000000,2,AIGTB_medium_emb.jsonl,0.856628674,0.934589538
0.700000000,2,AIGTB_quora_emb.jsonl,0.946694421,0.971742840
0.700000000,2,AIGTB_reddit_emb.jsonl,0.906688751,0.963532784
0.700000000,2,multisocial_discord_emb.jsonl,0.743201813,0.893985987
0.700000000,2,multisocial_gab_emb.jsonl,0.713676556,0.763641934
0.700000000,2,multisocial_telegram_emb.jsonl,0.777003214,0.789981011
0.700000000,2,multisocial_twitter_emb.jsonl,0.805911955,0.783407319
0.700000000,2,multisocial_whatsapp_emb.jsonl,0.713541035,0.848614040
0.700000000,3,AIGTB_medium_emb.jsonl,0.857155075,0.934597474
0.700000000,3,AIGTB_quora_emb.jsonl,0.946373666,0.970264820
0.700000000,3,AIGTB_reddit_emb.jsonl,0.906351579,0.963329458
0.700000000,3,multisocial_discord_emb.jsonl,0.745832640,0.894638955
0.700000000,3,multisocial_gab_emb.jsonl,0.713983146,0.769171625
0.700000000,3,multisocial_telegram_emb.jsonl,0.779446976,0.791273277
0.700000000,3,multisocial_twitter_emb.jsonl,0.803616637,0.781020457
0.700000000,3,multisocial_whatsapp_emb.jsonl,0.718528315,0.852889126
0.700000000,4,AIGTB_medium_emb.jsonl,0.858186011,0.934725058
0.700000000,4,AIGTB_quora_emb.jsonl,0.946429775,0.970362265
0.700000000,4,AIGTB_reddit_emb.jsonl,0.906414686,0.963674916
0.700000000,4,multisocial_discord_emb.jsonl,0.743764776,0.888127645
0.700000000,4,multisocial_gab_emb.jsonl,0.720318511,0.771935151
0.700000000,4,multisocial_telegram_emb.jsonl,0.777674814,0.787534246
0.700000000,4,multisocial_twitter_emb.jsonl,0.802201301,0.781762939
0.700000000,4,multisocial_whatsapp_emb.jsonl,0.712462006,0.854436442
0.800000000,0,AIGTB_medium_emb.jsonl,0.858590806,0.934436822
0.800000000,0,AIGTB_quora_emb.jsonl,0.946883469,0.972617292
0.800000000,0,AIGTB_reddit_emb.jsonl,0.907282674,0.963795339
0.800000000,0,multisocial_discord_emb.jsonl,0.740889201,0.890787619
0.800000000,0,multisocial_gab_emb.jsonl,0.719471057,0.769456287
0.800000000,0,multisocial_telegram_emb.jsonl,0.774362455,0.792492918
0.800000000,0,multisocial_twitter_emb.jsonl,0.800510926,0.788470563
0.800000000,0,multisocial_whatsapp_emb.jsonl,0.713680900,0.839193537
0.800000000,1,AIGTB_medium_emb.jsonl,0.856015948,0.934496256
0.800000000,1,AIGTB_quora_emb.jsonl,0.945172422,0.969787109
0.800000000,1,AIGTB_reddit_emb.jsonl,0.906067971,0.963475400
0.800000000,1,multisocial_discord_emb.jsonl,0.745131863,0.893653956
0.800000000,1,multisocial_gab_emb.jsonl,0.719317927,0.763568938
0.800000000,1,multisocial_telegram_emb.jsonl,0.771926417,0.790625967
0.800000000,1,multisocial_twitter_emb.jsonl,0.802047626,0.786008892
0.800000000,1,multisocial_whatsapp_emb.jsonl,0.715625381,0.841131471
0.800000000,2,AIGTB_medium_emb.jsonl,0.856628674,0.934589537
0.800000000,2,AIGTB_quora_emb.jsonl,0.946694421,0.971742842
0.800000000,2,AIGTB_reddit_emb.jsonl,0.906688751,0.963532784
0.800000000,2,multisocial_discord_emb.jsonl,0.742111934,0.893520358
0.800000000,2,multisocial_gab_emb.jsonl,0.715533850,0.763927500
0.800000000,2,multisocial_telegram_emb.jsonl,0.774174746,0.790908915
0.800000000,2,multisocial_twitter_emb.jsonl,0.802747703,0.782915201
0.800000000,2,multisocial_whatsapp_emb.jsonl,0.713541035,0.848614040
0.800000000,3,AIGTB_medium_emb.jsonl,0.857155075,0.934597476
0.800000000,3,AIGTB_quora_emb.jsonl,0.946373666,0.970264820
0.800000000,3,AIGTB_reddit_emb.jsonl,0.906351579,0.963329458
0.800000000,3,multisocial_discord_emb.jsonl,0.743600000,0.894615376
0.800000000,3,multisocial_gab_emb.jsonl,0.716161525,0.769541477
0.800000000,3,multisocial_telegram_emb.jsonl,0.776363460,0.792166753
0.800000000,3,multisocial_twitter_emb.jsonl,0.802732784,0.781082912
0.800000000,3,multisocial_whatsapp_emb.jsonl,0.718528315,0.852889126
0.800000000,4,AIGTB_medium_emb.jsonl,0.858186011,0.934725060
0.800000000,4,AIGTB_quora_emb.jsonl,0.946429775,0.970362268
0.800000000,4,AIGTB_reddit_emb.jsonl,0.906414686,0.963674916
0.800000000,4,multisocial_discord_emb.jsonl,0.742617159,0.887667506
0.800000000,4,multisocial_gab_emb.jsonl,0.722018758,0.772246475
0.800000000,4,multisocial_telegram_emb.jsonl,0.774797110,0.788382304
0.800000000,4,multisocial_twitter_emb.jsonl,0.800965348,0.781882042
0.800000000,4,multisocial_whatsapp_emb.jsonl,0.712462006,0.854436442
0.900000000,0,AIGTB_medium_emb.jsonl,0.858590806,0.934436818
0.900000000,0,AIGTB_quora_emb.jsonl,0.946883469,0.972617292
0.900000000,0,AIGTB_reddit_emb.jsonl,0.907282674,0.963795338
0.900000000,0,multisocial_discord_emb.jsonl,0.740889201,0.890787608
0.900000000,0,multisocial_gab_emb.jsonl,0.719471057,0.769456287
0.900000000,0,multisocial_telegram_emb.jsonl,0.776503799,0.791041306
0.900000000,0,multisocial_twitter_emb.jsonl,0.800510926,0.788470563
0.900000000,0,multisocial_whatsapp_emb.jsonl,0.713680900,0.839193537
0.900000000,1,AIGTB_medium_emb.jsonl,0.856015948,0.934496254
0.900000000,1,AIGTB_quora_emb.jsonl,0.945172422,0.969787103
0.900000000,1,AIGTB_reddit_emb.jsonl,0.906067971,0.963475399
0.900000000,1,multisocial_discord_emb.jsonl,0.744048607,0.894014196
0.900000000,1,multisocial_gab_emb.jsonl,0.719317927,0.763568938
0.900000000,1,multisocial_telegram_emb.jsonl,0.774284773,0.789189085
0.900000000,1,multisocial_twitter_emb.jsonl,0.802047626,0.786008872
0.900000000,1,multisocial_whatsapp_emb.jsonl,0.715625381,0.841131471
0.900000000,2,AIGTB_medium_emb.jsonl,0.856628674,0.934589538
0.900000000,2,AIGTB_quora_emb.jsonl,0.946694421,0.971742842
0.900000000,2,AIGTB_reddit_emb.jsonl,0.906688751,0.963532785
0.900000000,2,multisocial_discord_emb.jsonl,0.741314288,0.893950711
0.900000000,2,multisocial_gab_emb.jsonl,0.715533850,0.763927500
0.900000000,2,multisocial_telegram_emb.jsonl,0.777220727,0.789466247
0.900000000,2,multisocial_twitter_emb.jsonl,0.803564933,0.782898133
0.900000000,2,multisocial_whatsapp_emb.jsonl,0.713229053,0.848785981
0.900000000,3,AIGTB_medium_emb.jsonl,0.857155075,0.934597476
0.900000000,3,AIGTB_quora_emb.jsonl,0.946373666,0.970264820
0.900000000,3,AIGTB_reddit_emb.jsonl,0.906351579,0.963329457
0.900000000,3,multisocial_discord_emb.jsonl,0.743600000,0.894615376
0.900000000,3,multisocial_gab_emb.jsonl,0.716161525,0.769541477
0.900000000,3,multisocial_telegram_emb.jsonl,0.778953875,0.790856262
0.900000000,3,multisocial_twitter_emb.jsonl,0.802732784,0.781082934
0.900000000,3,multisocial_whatsapp_emb.jsonl,0.718528315,0.852889126
0.900000000,4,AIGTB_medium_emb.jsonl,0.858186011,0.934725058
0.900000000,4,AIGTB_quora_emb.jsonl,0.946429775,0.970362265
0.900000000,4,AIGTB_reddit_emb.jsonl,0.906414686,0.963674918
0.900000000,4,multisocial_discord_emb.jsonl,0.741669724,0.888050134
0.900000000,4,multisocial_gab_emb.jsonl,0.722018758,0.772246475
0.900000000,4,multisocial_telegram_emb.jsonl,0.777361551,0.787037969
0.900000000,4,multisocial_twitter_emb.jsonl,0.800965348,0.781882042
0.900000000,4,multisocial_whatsapp_emb.jsonl,0.712462006,0.854436442
1.000000000,0,AIGTB_medium_emb.jsonl,0.858590806,0.934436820
1.000000000,0,AIGTB_quora_emb.jsonl,0.946883469,0.972617292
1.000000000,0,AIGTB_reddit_emb.jsonl,0.907282674,0.963795337
1.000000000,0,multisocial_discord_emb.jsonl,0.728119621,0.889380747
1.000000000,0,multisocial_gab_emb.jsonl,0.719471057,0.769456270
1.000000000,0,multisocial_telegram_emb.jsonl,0.776669373,0.791103701
1.000000000,0,multisocial_twitter_emb.jsonl,0.802512403,0.788897136
1.000000000,0,multisocial_whatsapp_emb.jsonl,0.713680900,0.839193537
1.000000000,1,AIGTB_medium_emb.jsonl,0.856015948,0.934496254
1.000000000,1,AIGTB_quora_emb.jsonl,0.945172422,0.969787109
1.000000000,1,AIGTB_reddit_emb.jsonl,0.906067971,0.963475400
1.000000000,1,multisocial_discord_emb.jsonl,0.731535520,0.892533485
1.000000000,1,multisocial_gab_emb.jsonl,0.719317927,0.763568938
1.000000000,1,multisocial_telegram_emb.jsonl,0.774412209,0.789251486
1.000000000,1,multisocial_twitter_emb.jsonl,0.804395404,0.786446219
1.000000000,1,multisocial_whatsapp_emb.jsonl,0.715625381,0.841131471
1.000000000,2,AIGTB_medium_emb.jsonl,0.856628674,0.934589540
1.000000000,2,AIGTB_quora_emb.jsonl,0.946694421,0.971742842
1.000000000,2,AIGTB_reddit_emb.jsonl,0.906688751,0.963532785
1.000000000,2,multisocial_discord_emb.jsonl,0.741314288,0.893950711
1.000000000,2,multisocial_gab_emb.jsonl,0.715533850,0.763927500
1.000000000,2,multisocial_telegram_emb.jsonl,0.777220727,0.789466243
1.000000000,2,multisocial_twitter_emb.jsonl,0.803564933,0.782898112
1.000000000,2,multisocial_whatsapp_emb.jsonl,0.713229053,0.848785981
1.000000000,3,AIGTB_medium_emb.jsonl,0.857155075,0.934597474
1.000000000,3,AIGTB_quora_emb.jsonl,0.946373666,0.970264820
1.000000000,3,AIGTB_reddit_emb.jsonl,0.906351579,0.963329457
1.000000000,3,multisocial_discord_emb.jsonl,0.731825525,0.893184649
1.000000000,3,multisocial_gab_emb.jsonl,0.716161525,0.769541477
1.000000000,3,multisocial_telegram_emb.jsonl,0.778953875,0.790856259
1.000000000,3,multisocial_twitter_emb.jsonl,0.730642023,0.770688570
1.000000000,3,multisocial_whatsapp_emb.jsonl,0.718528315,0.852889126
1.000000000,4,AIGTB_medium_emb.jsonl,0.858186011,0.934725060
1.000000000,4,AIGTB_quora_emb.jsonl,0.946429775,0.970362262
1.000000000,4,AIGTB_reddit_emb.jsonl,0.906414686,0.963674917
1.000000000,4,multisocial_discord_emb.jsonl,0.741669724,0.888050145
1.000000000,4,multisocial_gab_emb.jsonl,0.722018758,0.772246475
1.000000000,4,multisocial_telegram_emb.jsonl,0.777455978,0.787095532
1.000000000,4,multisocial_twitter_emb.jsonl,0.803543039,0.782281108
1.000000000,4,multisocial_whatsapp_emb.jsonl,0.711592264,0.853793902
