dataset,seed,f1,auc
AIGTB_medium_emb.jsonl,0,0.840855694,0.932165478
AIGTB_medium_emb.jsonl,1,0.838213657,0.932233406
AIGTB_medium_emb.jsonl,2,0.838563907,0.932289433
AIGTB_medium_emb.jsonl,3,0.840200215,0.932308441
AIGTB_medium_emb.jsonl,4,0.841118789,0.932311181
AIGTB_quora_emb.jsonl,0,0.943496161,0.969863697
AIGTB_quora_emb.jsonl,1,0.940909596,0.966915541
AIGTB_quora_emb.jsonl,2,0.943314602,0.968915223
AIGTB_quora_emb.jsonl,3,0.941852950,0.967240844
AIGTB_quora_emb.jsonl,4,0.942582673,0.967546881
AIGTB_reddit_emb.jsonl,0,0.810090731,0.929244105
AIGTB_reddit_emb.jsonl,1,0.808563753,0.928980561
AIGTB_reddit_emb.jsonl,2,0.807885920,0.928751928
AIGTB_reddit_emb.jsonl,3,0.807642723,0.929000963
AIGTB_reddit_emb.jsonl,4,0.807838535,0.929548793
deepfake_emb.jsonl,0,0.673400673,0.855533212
deepfake_emb.jsonl,1,0.674157303,0.863312369
deepfake_emb.jsonl,2,0.727272727,0.880462561
deepfake_emb.jsonl,3,0.737864078,0.868007663
deepfake_emb.jsonl,4,0.721649485,0.887924685
fox8_emb.jsonl,0,0.576503264,0.714520962
fox8_emb.jsonl,1,0.576059748,0.714480694
fox8_emb.jsonl,2,0.574870312,0.716291066
fox8_emb.jsonl,3,0.575280116,0.717840682
fox8_emb.jsonl,4,0.575433843,0.720461444
m4_emb.jsonl,0,0.741616661,0.853401000
m4_emb.jsonl,1,0.729762950,0.851346741
m4_emb.jsonl,2,0.740842648,0.856225802
m4_emb.jsonl,3,0.745919945,0.860651881
m4_emb.jsonl,4,0.739819390,0.858471287
multisocial_discord_emb.jsonl,0,0.928092143,0.845818537
multisocial_discord_emb.jsonl,1,0.930406401,0.851973634
multisocial_discord_emb.jsonl,2,0.929289190,0.851379037
multisocial_discord_emb.jsonl,3,0.929908024,0.851118783
multisocial_discord_emb.jsonl,4,0.929936642,0.849982227
multisocial_gab_emb.jsonl,0,0.863847266,0.745879688
multisocial_gab_emb.jsonl,1,0.862091230,0.741310683
multisocial_gab_emb.jsonl,2,0.861875521,0.733111598
multisocial_gab_emb.jsonl,3,0.860798051,0.744015020
multisocial_gab_emb.jsonl,4,0.867858766,0.751562333
multisocial_telegram_emb.jsonl,0,0.783825397,0.797789473
multisocial_telegram_emb.jsonl,1,0.783030490,0.795530543
multisocial_telegram_emb.jsonl,2,0.795770094,0.793063363
multisocial_telegram_emb.jsonl,3,0.786923033,0.799112810
multisocial_telegram_emb.jsonl,4,0.785102049,0.795706753
multisocial_twitter_emb.jsonl,0,0.856260985,0.788773393
multisocial_twitter_emb.jsonl,1,0.858880466,0.787688234
multisocial_twitter_emb.jsonl,2,0.816222272,0.784314344
multisocial_twitter_emb.jsonl,3,0.860639021,0.787099854
multisocial_twitter_emb.jsonl,4,0.857936576,0.781012933
multisocial_whatsapp_emb.jsonl,0,0.874295260,0.867540849
multisocial_whatsapp_emb.jsonl,1,0.868923336,0.863506979
multisocial_whatsapp_emb.jsonl,2,0.869401423,0.863380014
multisocial_whatsapp_emb.jsonl,3,0.924916824,0.816071141
multisocial_whatsapp_emb.jsonl,4,0.922493225,0.813514942
tweepfake_emb.jsonl,0,0.628427532,0.277661948
tweepfake_emb.jsonl,1,0.631256099,0.272850913
tweepfake_emb.jsonl,2,0.622604284,0.277063683
tweepfake_emb.jsonl,3,0.635303913,0.277134626
tweepfake_emb.jsonl,4,0.627243634,0.268692768
