lambda_mmr,datasets,f1_mean,f1_std,auc_mean,auc_std,seeds
0.000000000,8,0.859205696,0.092843078,0.751428795,0.058265337,5
0.100000000,8,0.859926756,0.093346181,0.751766910,0.058224558,5
0.200000000,8,0.859798847,0.093223789,0.750157964,0.058170958,5
0.300000000,8,0.871502603,0.068646587,0.792276980,0.084556200,5
0.400000000,8,0.845378127,0.040701264,0.827537576,0.068470012,5
0.500000000,8,0.859516914,0.059331085,0.860338951,0.077417225,5
0.600000000,8,0.806754004,0.083366133,0.869485134,0.077362670,5
0.700000000,8,0.808284978,0.081662414,0.868766903,0.077786537,5
0.800000000,8,0.807806385,0.081695051,0.868890349,0.077622489,5
0.900000000,8,0.808065822,0.081633276,0.868748901,0.077807218,5
1.000000000,8,0.805498240,0.082647949,0.868401154,0.078025015,5
